{
  "i18n/i18n.properties": 1633987576395,
  "model/models.js": 1633981003011,
  "manifest.json": 1634674814906,
  "controller/View1.controller.js": 1634674761204,
  "Component.js": 1633981003007,
  "manifest-bundle.zip": 1634674814916,
  "Component-preload.js": 1634674815069,
  "controller/View1-dbg.controller.js": 1634674761204,
  "model/models-dbg.js": 1633981003011,
  "Component-dbg.js": 1633981003007,
  "view/View1.view.xml": 1634064026452,
  "css/style.css": 1633981003007,
  "index.html": 1633981101519
}